Composer,Piece,Movement
Johann Sebastian Bach,Piano Concerto No. 1 in D minor BWV 1052,1. Allegro
Johann Sebastian Bach,Piano Concerto No. 1 in D minor BWV 1052,2. Adagio
Johann Sebastian Bach,Piano Concerto No. 1 in D minor BWV 1052,3. Allegro
Johann Sebastian Bach,Piano Concerto No. 2 in E major BWV 1053,1. (Allegro)
Johann Sebastian Bach,Piano Concerto No. 2 in E major BWV 1053,2. Siciliano
Johann Sebastian Bach,Piano Concerto No. 2 in E major BWV 1053,3. Allegro
Johann Sebastian Bach,Piano Concerto No. 3 in D major BWV 1054,1. (Allegro)
Johann Sebastian Bach,Piano Concerto No. 3 in D major BWV 1054,2. Adagio e piano e forte
Johann Sebastian Bach,Piano Concerto No. 3 in D major BWV 1054,3. Allegro
Johann Sebastian Bach,Piano Concerto No. 4 in A major BWV 1055,1. (Allegro)
Johann Sebastian Bach,Piano Concerto No. 4 in A major BWV 1055,2. Larghetto
Johann Sebastian Bach,Piano Concerto No. 4 in A major BWV 1055,3. Allegro ma non tanto
Johann Sebastian Bach,Piano Concerto No. 5 in F minor BWV 1056,1. (Allegro)
Johann Sebastian Bach,Piano Concerto No. 5 in F minor BWV 1056,2. Largo
Johann Sebastian Bach,Piano Concerto No. 5 in F minor BWV 1056,3. Presto
Johann Sebastian Bach,Piano Concerto No. 6 in F major BWV 1057,1. (Allegro)
Johann Sebastian Bach,Piano Concerto No. 6 in F major BWV 1057,2. Andante
Johann Sebastian Bach,Piano Concerto No. 6 in F major BWV 1057,3. Allegro assai
Johann Sebastian Bach,Piano Concerto No. 7 in G minor BWV 1058,1. (Allegro)
Johann Sebastian Bach,Piano Concerto No. 7 in G minor BWV 1058,2. Andante
Johann Sebastian Bach,Piano Concerto No. 7 in G minor BWV 1058,3. Allegro assai
Johann Sebastian Bach,Concerto for Two Keyboards in C minor BWV 1060,1. (Allegro)
Johann Sebastian Bach,Concerto for Two Keyboards in C minor BWV 1060,2. Adagio
Johann Sebastian Bach,Concerto for Two Keyboards in C minor BWV 1060,3. Allegro
Johann Sebastian Bach,Concerto for Two Keyboards in C major BWV 1061,1. (Allegro)
Johann Sebastian Bach,Concerto for Two Keyboards in C major BWV 1061,2. Adagio ovvero largo
Johann Sebastian Bach,Concerto for Two Keyboards in C major BWV 1061,3. Fuga
Johann Sebastian Bach,Concerto for Two Keyboards in C minor BWV 1062,1. (Allegro)
Johann Sebastian Bach,Concerto for Two Keyboards in C minor BWV 1062,2. Andante e piano
Johann Sebastian Bach,Concerto for Two Keyboards in C minor BWV 1062,3. Allegro assai
Johann Sebastian Bach,Concerto for Three Keyboards in D minor BWV 1063,1. (Allegro)
Johann Sebastian Bach,Concerto for Three Keyboards in D minor BWV 1063,2. Alla Siciliana
Johann Sebastian Bach,Concerto for Three Keyboards in D minor BWV 1063,3. Allegro
Johann Sebastian Bach,Concerto for Three Keyboards in C major BWV 1064,1. (Allegro)
Johann Sebastian Bach,Concerto for Three Keyboards in C major BWV 1064,2. Adagio
Johann Sebastian Bach,Concerto for Three Keyboards in C major BWV 1064,3. Allegro
Johann Sebastian Bach,Concerto for Four Keyboards in A minor BWV 1065,1. (Allegro)
Johann Sebastian Bach,Concerto for Four Keyboards in A minor BWV 1065,2. Largo
Johann Sebastian Bach,Concerto for Four Keyboards in A minor BWV 1065,3. Allegro
Johann Sebastian Bach,Italian Concerto in F major BWV 971,1. (Allegro)
Johann Sebastian Bach,Italian Concerto in F major BWV 971,2. Andante
Johann Sebastian Bach,Italian Concerto in F major BWV 971,3. Presto
Joseph Haydn,Piano Concerto in C major Hob.XVIII/5,1. Moderato
Joseph Haydn,Piano Concerto in C major Hob.XVIII/5,2. Adagio
Joseph Haydn,Piano Concerto in C major Hob.XVIII/5,3. Finale: Presto
Joseph Haydn,Piano Concerto in G major Hob.XVIII/4,1. Allegro moderato
Joseph Haydn,Piano Concerto in G major Hob.XVIII/4,2. Adagio
Joseph Haydn,Piano Concerto in G major Hob.XVIII/4,3. Rondo all'Ungherese: Presto
Joseph Haydn,Piano Concerto in F major Hob.XVIII/6,1. Allegro
Joseph Haydn,Piano Concerto in F major Hob.XVIII/6,2. Largo cantabile
Joseph Haydn,Piano Concerto in F major Hob.XVIII/6,3. Tempo di Menuet
Joseph Haydn,Piano Concerto in D major Hob.XVIII/11,1. Vivace
Joseph Haydn,Piano Concerto in D major Hob.XVIII/11,2. Un poco adagio
Joseph Haydn,Piano Concerto in D major Hob.XVIII/11,3. Rondo all'Ungarese: Presto
Wolfgang Amadeus Mozart,Piano Concerto No. 1 in F major K.37,1. Allegro
Wolfgang Amadeus Mozart,Piano Concerto No. 1 in F major K.37,2. Andante
Wolfgang Amadeus Mozart,Piano Concerto No. 1 in F major K.37,3. Allegro
Wolfgang Amadeus Mozart,Piano Concerto No. 2 in B♭ major K.39,1. Allegro spiritoso
Wolfgang Amadeus Mozart,Piano Concerto No. 2 in B♭ major K.39,2. Andante
Wolfgang Amadeus Mozart,Piano Concerto No. 2 in B♭ major K.39,3. Molto allegro
Wolfgang Amadeus Mozart,Piano Concerto No. 3 in D major K.40,1. Allegro
Wolfgang Amadeus Mozart,Piano Concerto No. 3 in D major K.40,2. Andante
Wolfgang Amadeus Mozart,Piano Concerto No. 3 in D major K.40,3. Presto
Wolfgang Amadeus Mozart,Piano Concerto No. 4 in G major K.41,1. Allegro
Wolfgang Amadeus Mozart,Piano Concerto No. 4 in G major K.41,2. Andante
Wolfgang Amadeus Mozart,Piano Concerto No. 4 in G major K.41,3. Molto allegro
Wolfgang Amadeus Mozart,Piano Concerto No. 5 in D major K.175,1. Allegro
Wolfgang Amadeus Mozart,Piano Concerto No. 5 in D major K.175,2. Andante ma un poco adagio
Wolfgang Amadeus Mozart,Piano Concerto No. 5 in D major K.175,3. Allegro
Wolfgang Amadeus Mozart,Piano Concerto No. 6 in B♭ major K.238,1. Allegro aperto
Wolfgang Amadeus Mozart,Piano Concerto No. 6 in B♭ major K.238,2. Andante un poco adagio
Wolfgang Amadeus Mozart,Piano Concerto No. 6 in B♭ major K.238,3. Rondeau: Allegro
Wolfgang Amadeus Mozart,Concerto for Three Pianos K.242,1. Allegro
Wolfgang Amadeus Mozart,Concerto for Three Pianos K.242,2. Adagio
Wolfgang Amadeus Mozart,Concerto for Three Pianos K.242,3. Rondeau: Tempo di Menuetto
Wolfgang Amadeus Mozart,Piano Concerto No. 8 in C major K.246,1. Allegro aperto
Wolfgang Amadeus Mozart,Piano Concerto No. 8 in C major K.246,2. Andante
Wolfgang Amadeus Mozart,Piano Concerto No. 8 in C major K.246,3. Rondeau: Tempo di Menuetto
Wolfgang Amadeus Mozart,Piano Concerto No. 9 in E♭ major K.271,1. Allegro
Wolfgang Amadeus Mozart,Piano Concerto No. 9 in E♭ major K.271,2. Andantino
Wolfgang Amadeus Mozart,Piano Concerto No. 9 in E♭ major K.271,3. Rondeau: Presto
Wolfgang Amadeus Mozart,Concerto for Two Pianos K.365,1. Allegro
Wolfgang Amadeus Mozart,Concerto for Two Pianos K.365,2. Andante
Wolfgang Amadeus Mozart,Concerto for Two Pianos K.365,3. Rondeau: Allegro
Wolfgang Amadeus Mozart,Piano Concerto No. 11 in F major K.413,1. Allegro
Wolfgang Amadeus Mozart,Piano Concerto No. 11 in F major K.413,2. Larghetto
Wolfgang Amadeus Mozart,Piano Concerto No. 11 in F major K.413,3. Tempo di Menuetto
Wolfgang Amadeus Mozart,Piano Concerto No. 12 in A major K.414,1. Allegro
Wolfgang Amadeus Mozart,Piano Concerto No. 12 in A major K.414,2. Andante
Wolfgang Amadeus Mozart,Piano Concerto No. 12 in A major K.414,3. Allegretto
Wolfgang Amadeus Mozart,Piano Concerto No. 13 in C major K.415,1. Allegro
Wolfgang Amadeus Mozart,Piano Concerto No. 13 in C major K.415,2. Andante
Wolfgang Amadeus Mozart,Piano Concerto No. 13 in C major K.415,3. Rondeau: Allegro
Wolfgang Amadeus Mozart,Piano Concerto No. 14 in E♭ major K.449,1. Allegro vivace
Wolfgang Amadeus Mozart,Piano Concerto No. 14 in E♭ major K.449,2. Andantino
Wolfgang Amadeus Mozart,Piano Concerto No. 14 in E♭ major K.449,3. Allegro ma non troppo
Wolfgang Amadeus Mozart,Piano Concerto No. 15 in B♭ major K.450,1. Allegro
Wolfgang Amadeus Mozart,Piano Concerto No. 15 in B♭ major K.450,2. Andante
Wolfgang Amadeus Mozart,Piano Concerto No. 15 in B♭ major K.450,3. Allegro
Wolfgang Amadeus Mozart,Piano Concerto No. 16 in D major K.451,1. Allegro assai
Wolfgang Amadeus Mozart,Piano Concerto No. 16 in D major K.451,2. Andante
Wolfgang Amadeus Mozart,Piano Concerto No. 16 in D major K.451,3. Allegro di molto
Wolfgang Amadeus Mozart,Piano Concerto No. 17 in G major K.453,1. Allegro
Wolfgang Amadeus Mozart,Piano Concerto No. 17 in G major K.453,2. Andante
Wolfgang Amadeus Mozart,Piano Concerto No. 17 in G major K.453,3. Allegretto
Wolfgang Amadeus Mozart,Piano Concerto No. 18 in B♭ major K.456,1. Allegro vivace
Wolfgang Amadeus Mozart,Piano Concerto No. 18 in B♭ major K.456,2. Andante un poco sostenuto
Wolfgang Amadeus Mozart,Piano Concerto No. 18 in B♭ major K.456,3. Allegro vivace
Wolfgang Amadeus Mozart,Piano Concerto No. 19 in F major K.459,1. Allegro
Wolfgang Amadeus Mozart,Piano Concerto No. 19 in F major K.459,2. Allegretto
Wolfgang Amadeus Mozart,Piano Concerto No. 19 in F major K.459,3. Allegro assai
Wolfgang Amadeus Mozart,Piano Concerto No. 20 in D minor K.466,1. Allegro
Wolfgang Amadeus Mozart,Piano Concerto No. 20 in D minor K.466,2. Romance
Wolfgang Amadeus Mozart,Piano Concerto No. 20 in D minor K.466,3. Rondo: Allegro assai
Wolfgang Amadeus Mozart,Piano Concerto No. 21 in C major K.467,1. Allegro maestoso
Wolfgang Amadeus Mozart,Piano Concerto No. 21 in C major K.467,2. Andante
Wolfgang Amadeus Mozart,Piano Concerto No. 21 in C major K.467,3. Allegro vivace assai
Wolfgang Amadeus Mozart,Piano Concerto No. 22 in E♭ major K.482,1. Allegro
Wolfgang Amadeus Mozart,Piano Concerto No. 22 in E♭ major K.482,2. Andante
Wolfgang Amadeus Mozart,Piano Concerto No. 22 in E♭ major K.482,3. Allegro
Wolfgang Amadeus Mozart,Piano Concerto No. 23 in A major K.488,1. Allegro
Wolfgang Amadeus Mozart,Piano Concerto No. 23 in A major K.488,2. Adagio
Wolfgang Amadeus Mozart,Piano Concerto No. 23 in A major K.488,3. Allegro assai
Wolfgang Amadeus Mozart,Piano Concerto No. 24 in C minor K.491,1. Allegro
Wolfgang Amadeus Mozart,Piano Concerto No. 24 in C minor K.491,2. Larghetto
Wolfgang Amadeus Mozart,Piano Concerto No. 24 in C minor K.491,3. Allegretto
Wolfgang Amadeus Mozart,Piano Concerto No. 25 in C major K.503,1. Allegro maestoso
Wolfgang Amadeus Mozart,Piano Concerto No. 25 in C major K.503,2. Andante
Wolfgang Amadeus Mozart,Piano Concerto No. 25 in C major K.503,3. Allegretto
Wolfgang Amadeus Mozart,Piano Concerto No. 26 in D major K.537,1. Allegro
Wolfgang Amadeus Mozart,Piano Concerto No. 26 in D major K.537,2. Larghetto
Wolfgang Amadeus Mozart,Piano Concerto No. 26 in D major K.537,3. Allegretto
Wolfgang Amadeus Mozart,Piano Concerto No. 27 in B♭ major K.595,1. Allegro
Wolfgang Amadeus Mozart,Piano Concerto No. 27 in B♭ major K.595,2. Larghetto
Wolfgang Amadeus Mozart,Piano Concerto No. 27 in B♭ major K.595,3. Allegro
Ludwig van Beethoven,Piano Concerto No. 1 in C major Op. 15,1. Allegro con brio
Ludwig van Beethoven,Piano Concerto No. 1 in C major Op. 15,2. Largo
Ludwig van Beethoven,Piano Concerto No. 1 in C major Op. 15,3. Rondo: Allegro scherzando
Ludwig van Beethoven,Piano Concerto No. 2 in B♭ major Op. 19,1. Allegro con brio
Ludwig van Beethoven,Piano Concerto No. 2 in B♭ major Op. 19,2. Adagio
Ludwig van Beethoven,Piano Concerto No. 2 in B♭ major Op. 19,3. Rondo: Molto allegro
Ludwig van Beethoven,Piano Concerto No. 3 in C minor Op. 37,1. Allegro con brio
Ludwig van Beethoven,Piano Concerto No. 3 in C minor Op. 37,2. Largo
Ludwig van Beethoven,Piano Concerto No. 3 in C minor Op. 37,3. Rondo: Allegro
Ludwig van Beethoven,Piano Concerto No. 4 in G major Op. 58,1. Allegro moderato
Ludwig van Beethoven,Piano Concerto No. 4 in G major Op. 58,2. Andante con moto
Ludwig van Beethoven,Piano Concerto No. 4 in G major Op. 58,3. Rondo: Vivace
Ludwig van Beethoven,Piano Concerto No. 5 in E♭ major Op. 73,1. Allegro
Ludwig van Beethoven,Piano Concerto No. 5 in E♭ major Op. 73,2. Adagio un poco mosso
Ludwig van Beethoven,Piano Concerto No. 5 in E♭ major Op. 73,3. Rondo: Allegro ma non troppo
Ludwig van Beethoven,Piano Concerto in D major Op. 61a,1. Allegro ma non troppo
Ludwig van Beethoven,Piano Concerto in D major Op. 61a,2. Larghetto
Ludwig van Beethoven,Piano Concerto in D major Op. 61a,3. Rondo: Allegro
Frédéric Chopin,Piano Concerto No. 1 in E minor Op. 11,1. Allegro maestoso
Frédéric Chopin,Piano Concerto No. 1 in E minor Op. 11,2. Romance: Larghetto
Frédéric Chopin,Piano Concerto No. 1 in E minor Op. 11,3. Rondo: Vivace
Frédéric Chopin,Piano Concerto No. 2 in F minor Op. 21,1. Maestoso
Frédéric Chopin,Piano Concerto No. 2 in F minor Op. 21,2. Larghetto
Frédéric Chopin,Piano Concerto No. 2 in F minor Op. 21,3. Allegro vivace
Franz Liszt,Piano Concerto No. 1 in E♭ major S.124,1. Allegro maestoso
Franz Liszt,Piano Concerto No. 1 in E♭ major S.124,2. Quasi adagio
Franz Liszt,Piano Concerto No. 1 in E♭ major S.124,3. Allegretto vivace – Allegro animato
Franz Liszt,Piano Concerto No. 1 in E♭ major S.124,4. Allegro marziale animato
Franz Liszt,Piano Concerto No. 2 in A major S.125,1. Adagio sostenuto assai
Franz Liszt,Piano Concerto No. 2 in A major S.125,2. Allegro agitato assai
Franz Liszt,Piano Concerto No. 2 in A major S.125,3. Allegro moderato
Franz Liszt,Piano Concerto No. 2 in A major S.125,4. Allegro deciso
Franz Liszt,Piano Concerto No. 2 in A major S.125,5. Marziale un poco meno allegro
Franz Liszt,Piano Concerto No. 2 in A major S.125,6. Allegro animato
Franz Liszt,Totentanz S.126,-
Franz Liszt,Fantasie über ungarische Volksmelodien S.123,-
Franz Liszt,Malédiction S.121,-
Robert Schumann,Piano Concerto in A minor Op. 54,1. Allegro affettuoso
Robert Schumann,Piano Concerto in A minor Op. 54,2. Intermezzo: Andantino grazioso
Robert Schumann,Piano Concerto in A minor Op. 54,3. Allegro vivace
Robert Schumann,Introduction and Allegro appassionato Op. 92,-
Robert Schumann,Introduction and Concert Allegro Op. 134,-
Edvard Grieg,Piano Concerto in A minor Op. 16,1. Allegro molto moderato
Edvard Grieg,Piano Concerto in A minor Op. 16,2. Adagio
Edvard Grieg,Piano Concerto in A minor Op. 16,3. Allegro moderato molto e marcato
Felix Mendelssohn,Piano Concerto No. 1 in G minor Op. 25,1. Molto allegro con fuoco
Felix Mendelssohn,Piano Concerto No. 1 in G minor Op. 25,2. Andante
Felix Mendelssohn,Piano Concerto No. 1 in G minor Op. 25,3. Presto – Molto allegro e vivace
Felix Mendelssohn,Piano Concerto No. 2 in D minor Op. 40,1. Allegro appassionato
Felix Mendelssohn,Piano Concerto No. 2 in D minor Op. 40,2. Adagio
Felix Mendelssohn,Piano Concerto No. 2 in D minor Op. 40,3. Finale: Presto scherzando
Felix Mendelssohn,Capriccio brillant in B minor Op. 22,-
Felix Mendelssohn,Rondo brillant in E♭ major Op. 29,-
Felix Mendelssohn,Serenade and Allegro giocoso Op. 43,-
Camille Saint-Saëns,Piano Concerto No. 1 in D major Op. 17,1. Andante – Allegro assai
Camille Saint-Saëns,Piano Concerto No. 1 in D major Op. 17,2. Andante sostenuto
Camille Saint-Saëns,Piano Concerto No. 1 in D major Op. 17,3. Allegro con fuoco
Camille Saint-Saëns,Piano Concerto No. 2 in G minor Op. 22,1. Andante sostenuto
Camille Saint-Saëns,Piano Concerto No. 2 in G minor Op. 22,2. Allegro scherzando
Camille Saint-Saëns,Piano Concerto No. 2 in G minor Op. 22,3. Presto
Camille Saint-Saëns,Piano Concerto No. 3 in E♭ major Op. 29,1. Allegro non troppo
Camille Saint-Saëns,Piano Concerto No. 3 in E♭ major Op. 29,2. Andante
Camille Saint-Saëns,Piano Concerto No. 3 in E♭ major Op. 29,3. Molto allegro
Camille Saint-Saëns,Piano Concerto No. 4 in C minor Op. 44,1. Allegro moderato – Andante
Camille Saint-Saëns,Piano Concerto No. 4 in C minor Op. 44,2. Allegro vivace – Andante – Allegro
Camille Saint-Saëns,Piano Concerto No. 5 in F major Op. 103,1. Allegro animato
Camille Saint-Saëns,Piano Concerto No. 5 in F major Op. 103,2. Andante
Camille Saint-Saëns,Piano Concerto No. 5 in F major Op. 103,3. Molto allegro
Pyotr Ilyich Tchaikovsky,Piano Concerto No. 1 in B♭ minor Op. 23,1. Allegro non troppo e molto maestoso – Allegro con spirito
Pyotr Ilyich Tchaikovsky,Piano Concerto No. 1 in B♭ minor Op. 23,2. Andantino semplice – Prestissimo – Andantino
Pyotr Ilyich Tchaikovsky,Piano Concerto No. 1 in B♭ minor Op. 23,3. Allegro con fuoco
Pyotr Ilyich Tchaikovsky,Piano Concerto No. 2 in G major Op. 44,1. Allegro brillante e molto vivace
Pyotr Ilyich Tchaikovsky,Piano Concerto No. 2 in G major Op. 44,2. Andante non troppo
Pyotr Ilyich Tchaikovsky,Piano Concerto No. 2 in G major Op. 44,3. Allegro con fuoco
Pyotr Ilyich Tchaikovsky,Piano Concerto No. 3 in E♭ major Op. 75,1. Allegro brillante
Pyotr Ilyich Tchaikovsky,Concert Fantasia in G major Op. 56,1. Quasi rondo: Allegro moderato e maestoso
Pyotr Ilyich Tchaikovsky,Concert Fantasia in G major Op. 56,2. Contrasts: Andante mosso
Sergei Rachmaninoff,Piano Concerto No. 1 in F♯ minor Op. 1,1. Vivace
Sergei Rachmaninoff,Piano Concerto No. 1 in F♯ minor Op. 1,2. Andante
Sergei Rachmaninoff,Piano Concerto No. 1 in F♯ minor Op. 1,3. Allegro vivace
Sergei Rachmaninoff,Piano Concerto No. 2 in C minor Op. 18,1. Moderato
Sergei Rachmaninoff,Piano Concerto No. 2 in C minor Op. 18,2. Adagio sostenuto
Sergei Rachmaninoff,Piano Concerto No. 2 in C minor Op. 18,3. Allegro scherzando
Sergei Rachmaninoff,Piano Concerto No. 3 in D minor Op. 30,1. Allegro ma non tanto
Sergei Rachmaninoff,Piano Concerto No. 3 in D minor Op. 30,2. Intermezzo: Adagio
Sergei Rachmaninoff,Piano Concerto No. 3 in D minor Op. 30,3. Finale: Alla breve
Sergei Rachmaninoff,Piano Concerto No. 4 in G minor Op. 40,1. Allegro vivace
Sergei Rachmaninoff,Piano Concerto No. 4 in G minor Op. 40,2. Largo
Sergei Rachmaninoff,Piano Concerto No. 4 in G minor Op. 40,3. Allegro vivace
Sergei Rachmaninoff,Rhapsody on a Theme of Paganini Op. 43,-
Sergei Prokofiev,Piano Concerto No. 1 in D♭ major Op. 10,-
Sergei Prokofiev,Piano Concerto No. 2 in G minor Op. 16,1. Andantino
Sergei Prokofiev,Piano Concerto No. 2 in G minor Op. 16,2. Scherzo: Vivace
Sergei Prokofiev,Piano Concerto No. 2 in G minor Op. 16,3. Intermezzo: Allegro moderato
Sergei Prokofiev,Piano Concerto No. 2 in G minor Op. 16,4. Finale: Allegro tempestoso
Sergei Prokofiev,Piano Concerto No. 3 in C major Op. 26,1. Andante – Allegro
Sergei Prokofiev,Piano Concerto No. 3 in C major Op. 26,2. Theme and Variations: Andantino
Sergei Prokofiev,Piano Concerto No. 3 in C major Op. 26,3. Allegro ma non troppo
Sergei Prokofiev,Piano Concerto No. 4 in B♭ major Op. 53,1. Vivace
Sergei Prokofiev,Piano Concerto No. 4 in B♭ major Op. 53,2. Andante
Sergei Prokofiev,Piano Concerto No. 4 in B♭ major Op. 53,3. Moderato
Sergei Prokofiev,Piano Concerto No. 4 in B♭ major Op. 53,4. Vivace
Sergei Prokofiev,Piano Concerto No. 5 in G major Op. 55,1. Allegro con brio
Sergei Prokofiev,Piano Concerto No. 5 in G major Op. 55,2. Moderato ben accentuato
Sergei Prokofiev,Piano Concerto No. 5 in G major Op. 55,3. Toccata: Allegro con fuoco
Sergei Prokofiev,Piano Concerto No. 5 in G major Op. 55,4. Larghetto
Sergei Prokofiev,Piano Concerto No. 5 in G major Op. 55,5. Vivo
Johannes Brahms,Piano Concerto No. 1 in D minor Op. 15,1. Maestoso
Johannes Brahms,Piano Concerto No. 1 in D minor Op. 15,2. Adagio
Johannes Brahms,Piano Concerto No. 1 in D minor Op. 15,3. Rondo: Allegro non troppo
Johannes Brahms,Piano Concerto No. 2 in B♭ major Op. 83,1. Allegro non troppo
Johannes Brahms,Piano Concerto No. 2 in B♭ major Op. 83,2. Allegro appassionato
Johannes Brahms,Piano Concerto No. 2 in B♭ major Op. 83,3. Andante
Johannes Brahms,Piano Concerto No. 2 in B♭ major Op. 83,4. Allegretto grazioso
Alexander Scriabin,Piano Concerto in F♯ minor Op. 20,1. Allegro
Alexander Scriabin,Piano Concerto in F♯ minor Op. 20,2. Andante
Alexander Scriabin,Piano Concerto in F♯ minor Op. 20,3. Allegro moderato
Maurice Ravel,Piano Concerto in G major,1. Allegramente
Maurice Ravel,Piano Concerto in G major,2. Adagio assai
Maurice Ravel,Piano Concerto in G major,3. Presto
Maurice Ravel,Piano Concerto for the Left Hand in D major,-
Dmitri Shostakovich,Piano Concerto No. 1 in C minor Op. 35,1. Allegretto – Allegro vivace
Dmitri Shostakovich,Piano Concerto No. 1 in C minor Op. 35,2. Lento
Dmitri Shostakovich,Piano Concerto No. 1 in C minor Op. 35,3. Moderato
Dmitri Shostakovich,Piano Concerto No. 1 in C minor Op. 35,4. Allegro con brio
Dmitri Shostakovich,Piano Concerto No. 2 in F major Op. 102,1. Allegro
Dmitri Shostakovich,Piano Concerto No. 2 in F major Op. 102,2. Andante
Dmitri Shostakovich,Piano Concerto No. 2 in F major Op. 102,3. Allegro
